id,source,company,title,location,job_type,job_mid,job_code,experience,exp_min,education,keyword,posting_date,expiration_date,url,자격요건원문,우대사항원문,collected_at,신입가능,학력요건,졸업예정가능,요구스킬,고용형태
alio-304854,잡알리오,게임물관리위원회,게임물관리위원회 2026년 제3차 직원(체험형청년인턴) 채용공고,"서울,부산",청년인턴(체험형),"사업관리,경영.회계.사무,문화.예술.디자인.방송",,신입+경력,0,학력무관,"ㅇ가점사항
- 장애대상: 전형별 가점 5%
- 지역인재: 전형별 가점 5%",2026-09-10,2026-09-29,https://www.grac.or.kr/Board/Employ.aspx?searchtype=001&type=view&bno=819&searchtext=,"?「청년고용촉진 특별법 시행령」에 따른 만 15세 이상 만 34세 이하인 자
? 성별, 지역, 학력 제한 없음
? 최종합격 후 바로 근무가 가능한 자
? 부산광역시에서 근무가 가능한 자
? 위원회 인사규정 제16조(임용결격사유 등)에 의한 결격사유가 없는 자
?「국가공무원법」제33조에 의한 결격사유가 없는 자
? 남성의 경우 병역을 필하였거나 면제된 자
? 해외여행에 결격사유가 없는 자
? 타 기관·단체에서 징계에 의하여 면직되지 않은 자","장애대상, 지역인재",2026-09-11,Y,학력무관,Y,,청년인턴(체험형)
alio-304848,잡알리오,한국장애인개발원,[제2026-103호] 2026년도 제5차 서울시장애아동·발달장애인지원센터(장애아동지원팀) 체험형 청년인턴(장애인 제한경쟁) 채용 공고,서울,청년인턴(체험형),"사업관리,사회복지.종교",,신입+경력,0,학력무관,"<가점사항>
○ 취업지원대상자: 「국가유공자 등 예우 및 지원에관한 법률」 등에 따른 취업지원대상자
○ 장애인: 「장애인복지법」에 따른 장애인
○ 지역인재: 「지방대학 및 지역균형인재 육성에 관한 법률」에 따른 지방대학 학생 또는 졸업자
○ 경력단절여성: 「여성의 경제활동 촉진과 경력단절 예방법」에 따른 임신·출산·육아 등의 이유로 경력이 단절된 여",2026-09-11,2026-09-28,https://koddicpdd.fairyhr.com,"○ 우리 원 「인사관리규정」 상 결격사유에 해당하지 않는 자
○ 임용예정일(‘26. 10. 26)부터 근무 가능한 자
○ 해당 직무를 수행할 수 있는 자
○ 아래 자격요건(①~③)을 모두 충족하는 자
① ?청년고용촉진특별법?상 청년에 해당하는 자 (임용일 기준 만 34세 이하)
② ?장애인복지법?에 따른 장애인
③ 우리 원 청년인턴 경험이 없는 자","한글, 엑셀 등 오피스 활용 가능한 자",2026-09-11,Y,학력무관,Y,엑셀,청년인턴(체험형)
alio-304845,잡알리오,(재)우체국시설관리단,(재)우체국시설관리단 (본사)청년인턴 채용 공고,서울,"청년인턴(체험형),청년인턴(채용형)","경영.회계.사무,영업판매",,신입,0,학력무관,"ㅇ 가점적용 기준
 1) 장애인 : 서류심사에서 만점의 5% 가산점 부여
 2) 저소득층 : 서류심사에서 만점의 3% 가산점 부여
 3) 지역인재 : 서류심사에서 만점의 3% 가산점 부여
 4) 북한이탈주민 : 서류심사에서 만점의 3% 가산점 부여
 5) 다문화가족 구성원 : 서류심사에서 만점의 3% 가산점 부여
 6) 경력단절 여성 : 서류심사",2026-09-10,2026-09-28,https://poma.hrdms.kr,"1. 청년인턴(채용형-일반행정) 1명
  o 담당업무 : 일반행정
  o 자격요건 : 학력, 경력제한 없음
    (채용공고일 기준 만 18세 이상, 만 34세 이하인 자)
  o 계약기간 : 임용 후 3개월(계약직) 근무 -> 평가 후 일반직(6급) 전환여부 결정

2. 청년인턴(채용형-부동산) 1명
  o 담당업무 : 부동산 및 일반행정
  o 자격요건 : 학력, 경력제한 없음
    (채용공고일 기준 만 18세 이상, 만 34세 이하인 자)
  o 계약기간 : 임용 후 3개월(계약직) 근무 -> 평가 후 일반직(6급) 전환여부 결정

3. 청년인턴(체험형-고졸) 1명
  o 담당업무 : 일반행정
  o 자격요건 : 최종학력 고등학교 졸업자(경력제한 없음)
     - 채용공고일 기준 만 18세 이상, 만 34세 이하인 자)
    - 대학교(전문대학 포함)의 중퇴자 및 재학·휴학자는 지원 가능 하나, 졸업자는 지원이 불가하며, 졸업예정자, 유예자, 마지막 학기 수료자 등 지원 불가
  o 계약기간 : 임용 후 3개월 근무 후 종료

4. 청년인턴(체험형-장애인) 1명
  o 담당업무 : 일반행정
  o 자격요건 : 장애인(학력, 경력제한 없음)
     - 채용공고일 기준 만 18세 이상, 만 34세 이하인 자)
     - 장애인고용촉진 및 직업재활법 시행령 제3조에 해당하는 장애인)
  o 계약기간 : 임용 후 3개월 근무 후 종료","장애인, 저소득층, 지역인재, 북한 이탈주민, 다문화가족 구성원, 경력단절 여성, 한부모가족(채용 시 가산점수가 둘 이상인 자는 그 중 본인에게 유리한 것 하나만 적용, 체험형인턴(장애인)의 경우 장애인 가점 미적용)",2026-09-11,Y,학력무관,Y,,"청년인턴(체험형),청년인턴(채용형)"
alio-304835,잡알리오,한전MCS(주),한전MCS 2026년 하반기 시니어계약직 신규채용[2차] 공고,"서울,대구,인천,대전,세종,경기,충남,전북,전남광주,경북,제주",비정규직,전기.전자,,신입,0,학력무관,"○ 장애인
- 「장애인고용촉진 및 직업재활법」제2조에 의한 장애인(서류전형·면접전형 만점의 10% 가점 부여)
※ 채용공고 마감일 기준으로 장애인 증명서 보유자

○ 취업지원대상자(국가보훈대상자)
- 「국가유공자 등 예우 및 지원에 관한 법률」제29조
- 「독립유공자예우에 관한 법률」제16조
- 「보훈보상대상자 지원에 관한 법률」제33조
- ",2026-09-10,2026-09-17,https://recruit.incruit.com/kepcomcs,"□ 공통자격
- 연령 : 만 60세 이상(공고 마감일 기준)
- 학력/성별 : 제한없음
- 한전MCS 채용 결격사유에 해당하지 않는 자(붙임5 참고)
- 병역법 제76조에서 정한 병역의무 불이행 사실이 없는 자
※ 남성의 경우, 병역필 또는 병역 면제자(공고 마감일 기준)
- 회사가 정한 입사일부터 즉시 근무가 가능한 자
- 운전 가능자(운전면허 소지자)
- 업무 특성 상 자가용 또는 이륜차 운행 필수

□ 필수자격(안전감시전담원)
- 다음의 지원자격 ① 또는 ②에 해당하며, ③의 요건을 충족하는 자
① 전기분야 기능사 이상 자격 보유자
- 기사·산업기사 : 전기, 전기공사
- 기능사 : 전기
② 전기계량기 검침 또는 단전 업무 7년 이상 수행한 자
③ 안전보건공단에서 진행하는 관리감독자 교육 '관리감독자가 알아야 할 안전보건활동Ⅰ(8시간)·Ⅱ(4시간/건설업) 교육이수자 [https://edu.kosha.or.kr]
(수료일 기준 : 2025. 08. 01. ~ 2026. 09. 17. 이내 이수자)","장애인, 취업지원대상자, 경력단절여성, 한전MCS 근무경력자",2026-09-11,Y,학력무관,Y,,비정규직
alio-304810,잡알리오,한국가스안전공사,2026년 하반기 한국가스안전공사 정규직(채용형인턴) 채용 공고,"서울,부산,대구,인천,대전,울산,세종,경기,강원,충북,충남,전북,전남광주,경북,제주","정규직,청년인턴(채용형)","사업관리,경영.회계.사무,법률.경찰.소방.교도.국방,기계,재료,화학,전기.전자,환경.에너지.안전,연구",,신입,0,"학력무관,고졸,석사","ㅇ 전형단계별 우대사항 참고

*세부내용은 공고문 및 첨부파일 참조",2026-09-09,2026-09-28,https://kgs.saramin.co.kr/,"응시자격
ㅇ 공통 응모자격과 지원직무의 응모자격을 모두 충족하여야 함

[공통 응모자격]
- 입사예정일 기준 만 58세 미만인 자(임금피크제 적용 전)
- 공사 인사규정 제20조의 결격사유에 해당하지 않는 자
- 병역 대상자로서 병역기피 사실이 없는 자
- 현역 군인의 경우 입사 예정일 이전에 전역이 가능한 자
- 입사 예정일부터 즉시 교육입소 및 근무 가능한 자

[직무별 응모자격]
- 공고문 참조

*세부내용은 공고문 및 첨부파일 참조","전형단계별 우대사항 참고 (취업지원대상자, 장애, 저소득층, 한부모가정, 북한이탈주민, 다문화가족, 자립준비청년, 의사자 유족 및 의상자, 의상자 가족, 청년인재, 비수도권인재, 지역인재)",2026-09-11,Y,"학력무관,고졸,석사",Y,,"정규직,청년인턴(채용형)"
alio-304793,잡알리오,국가생명윤리정책원,제2026-3차 직원 채용 공고 ,서울,"정규직,비정규직","사업관리,경영.회계.사무,교육.자연.사회과학,보건.의료,정보통신,연구",,신입+경력,0,"학력무관,중졸이하,고졸,대졸(2~3년),대졸(4년),석사,박사","ㅇ 취업지원대상자: 서류전형, 면접전형 별 관련 법령에 따름
ㅇ 장애인 및 취업보호대상자: 서류전형시 가산점 5%
ㅇ 저소득층: 서류전형시 가산점 3%
ㅇ 한부모가족: 서류전형시 가산점 3%
ㅇ 북한이탈주민: 서류전형시 가산점 3%
ㅇ 다문화가족: 서류전형시 가산점 3%
ㅇ 자립지원청년: 서류전형시 가산점 3%
ㅇ 체험형 청년인턴 수료자 및 우",2026-09-09,2026-09-23,https://recruit.incruit.com/nibp/,"ㅇ 연구직(정규직) 5급(A07)
- 생명윤리 관련분야 석사학위 소지자 또는 학사학위 취득 전·후 2년 이상 업무 경력자
※ 생명윤리 관련분야 : 생명윤리, 법학, 의학, 간호학, 약학, 윤리학, 생명과학/생명공학, 사회복지학 및 유사 분야, 유전자 검사 분야
ㅇ 행정직(정규직) 5급(A08)
- 채용 예정 직무 경력 1년 이상 경력자
ㅇ 전산직(정규직) 5급(A09)
- 채용 예정 직무 경력 1년 이상 경력자
ㅇ 행정직(계약직) 5급(B10)
- 채용 예정 직무 경력 1년 이상 경력자
ㅇ 행정직(계약직) 5급(B11)
- 채용 예정 직무 경력 1년 이상 경력자
ㅇ 전산직(계약직) 5급(B12)
- 채용 예정 직무 경력 1년 이상 경력자","취업지원대상자, 장애인 및 취업보호대상자, 저소득층, 한부모가족, 북한이탈주민, 다문화가족, 자립지원청년, 체험형 청년인턴 수료자 및 우수인턴 선발자",2026-09-11,Y,"학력무관,중졸이하,고졸,대졸(2~3년),대졸(4년),석사,박사",Y,,"정규직,비정규직"
alio-304781,잡알리오,대한적십자사,[대한적십자사 서울지사] 서부봉사관 사무보조원(육아휴직 대체인력) 채용공,서울,비정규직,경영.회계.사무,,신입,0,학력무관,"<서류심사 가산점 반영요소(자기개발실적)>
1. 정보사무자격증 *자격증 사본 제출
- 컴퓨터활용능력 1급 또는 2급, 워드프로세서 1급(2012년 이후는 워드프로세서), 정보처리기사, 정보처리산업기사, 사무자동화산업기사 중
1개 자격증 소지자
2. 운전면허증(1종 보통·대형 또는 2종 보통) *운전면허증 제출
3. 사회봉사활동 경험 *봉사활동확인서",2026-09-09,2026-09-27,https://www.redcross.or.kr/redrecruit/sharing.do?reNo=14597&seqNo=1,"<공통자격>
- 임용(예정)일(2026.10.14.)부터 근무 가능한 자
- 병역법 제76조의 병역의무 불이행자에 해당하지 않는 자
- 대한적십자사 직원운영규정 제56조(정년)에 해당하지 않는 자 (임용일 기준 만60세 미만)
- 대한적십자사 직원운영규정 제20조(결격사유)에 해당하지 않는 자","취업지원대상자, 장애인, 북한이탈주민",2026-09-11,Y,학력무관,Y,"정보처리기사, 컴퓨터활용능력",비정규직
alio-304772,잡알리오,(재)한국우편사업진흥원,한국우편사업진흥원 기간제 근로자 채용,서울,비정규직,인쇄.목재.가구.공예,,신입,0,학력무관,"·채용관련 분야(수행업무)에 경력이 있는 자(민간 경력 포함)로 아래 사항을 한 가지 이상 충족하는 자
  ① 우표 부가상품 제작 경력을 가진 자
  ② 날짜 소인기 작업 경력을 가진 자
  ③ ①,② 준하는 경력을 보유한 자
  * 경력 충족 여부는 서류심사 시 시험위원이 판단하여 결정",2026-09-08,2026-09-22,https://www.albamon.com/jobs/detail/119069727?searchRow=3&searchKeyword=%ED%95%9C%EA%B5%AD%EC%9A%B0%ED%8E%B8%EC%82%AC%EC%97%85%EC%A7%84%ED%9D%A5%EC%9B%90&productCount=1&logpath=1&sc=508,"·학력, 전공, 학점, 성별, 어학성적 등 제한 없음

·진흥원 인사규정 제15조(결격사유)에 해당하지 않는 자

·임용일(‘26. 10. 7.) 기준, 「근로기준법」 제64조(최저 연령과 취직인허증)에 해당하지 않는 자

·「병역법」 제76조에서 정한 병역의무 불이행 사실이 없는 자","장애인, 국가유공자, 저소득층 등 관련 법률에 따른 대상자 우대",2026-09-11,Y,학력무관,Y,,비정규직
alio-304768,잡알리오,한국전력공사,2026년도 제4차 전문직원 채용공고,"서울,대전,전남광주",정규직,"경영.회계.사무,법률.경찰.소방.교도.국방,연구",,신입+경력,0,"학력무관,석사,박사","1. 취업지원대상자 : 동점자 처리시 우대
2. 분야별 우대자격
○ 전력설비영상진단 기술개발담당
 ① 영상분석 솔루션의 PoC부터 상용화까지 전주기 수행 경험
 ② 컴퓨터비전분야 연구과제 책임자급 경력 5년 이상인 자
 ③ 컴퓨터비전분야 기술 SCI급 논문 2건 이상 또는 특허출원 5건 이상
○ 국제계약담당
 ① 해외변호사 업무경력(3년 이상)",2026-09-08,2026-09-22,http://recruit.kepco.co.kr,"1. 공통사항
○ 연 령 : 제한 없음
※ 단, 합격예정자의 연령이 공사의 정년(60세)을 경과한 경우 계약기간은 1년 단위로 함
○ 병역사항 : 병역법 제 76조에서 정한 병역의무 불이행 사실이 없는 자
○ 기타사항
  - 당사 인사관리규정 제11조의 결격사유가 없는 자
  - 최종 합격자 발표 후 3개월 이내 입사 가능한 자

2. 분야별 응시자격
○ 전력설비영상진단 기술개발담당
 ① 관련학과 석사학위 이상 소지자 또는 컴퓨터비전분야 박사 학위 소지자
 ② 컴퓨터비전분야 실무경력 보유자
   - 관련학과 석사학위 이상 소지자 : 컴퓨터비전분야 실무경력 4년 이상
   - 컴퓨터비전분야 박사 학위 소지자 : 컴퓨터비전분야 실무경력 2년 이상
○ 국제계약담당
 ① 로스쿨 졸업자
 ② 영미권 변호사 자격증 소지자
○ 국제재무담당
 ① KICPA, AICPA, 세무사 중 1개 이상 자격증 보유자
 ② 회계법인 또는 상장사 회계업무 실무경력 2년 이상
  ※ KICPA의 경우 필수 경력 조건 적용 제외

※ 자세한 사항은 붙임의 채용공고문 참조","취업지원대상자, 지원자격 우대사항 해당자 ※ 자세한 사항은 첨부파일의 공고문 참조",2026-09-11,Y,"학력무관,석사,박사",Y,AI,정규직
alio-304766,잡알리오,서울대학교병원,서울대학교병원 블라인드 직원채용 (대체근로자) 공고 (장애인 특별우대),서울,비정규직,보건.의료,,신입,0,"학력무관,중졸이하,고졸,대졸(2~3년),대졸(4년),석사","▷취업지원대상자, 장애인 등은 관련 법령이 정하는 바에 따라 우대함
▷취업지원대상자, 장애인 등 채용특례 기준에 해당하는 자는 서류전형 등에서 가점을 부여하며, 병원 기준에 의거 일정 인원 우선 선발될 수 있음 (단, 채용분야 직무수행에 지장이 없는 자에 한함)",2026-09-08,2026-09-22,https://recruit.snuh.org/joining/recruit/view.do?notice_type=E&recruit_id=26117,"▷2026.10.19. 기준 정년퇴직 기준연령(만 60세)에 도달한 자는 지원할 수 없음
▷남자는 병역필 또는 면제자에 한함(단, 2026.10.19.이전 전역예정자 가능)
▷지원자격 중 자격사항은 서류접수 마감일을 기준으로 함
▷입사지원 시 반드시 하나의 직종·직무를 선택하여야 함","취업지원대상자, 장애인",2026-09-11,Y,"학력무관,중졸이하,고졸,대졸(2~3년),대졸(4년),석사",Y,,비정규직
alio-304764,잡알리오,한국전기안전공사,2026년 하반기 공무직원 채용,"서울,부산,인천,대전,울산,경기,강원,충북,충남,전북,전남광주,경북,경남",무기계약직,"경영.회계.사무,법률.경찰.소방.교도.국방,경비.청소,음식서비스,건설,기계,전기.전자,환경.에너지.안전",,신입,0,학력무관,"1. 「국가유공자 등의 예우 및 지원에 관한 법률」 제31조에 따른 취업지원 대상자
2. 「장애인복지법 시행령」 제2조제1항의 장애인 또는 「국가유공자 등 예우 및 지원에 관한 법률 시행령」 제14조제3항의 상이등급 기준에 해당하는 자",2026-09-08,2026-09-22,https://kesco.or.kr/recruit/main.do,"1. 공통사항
 - 성별, 연령 제한 없음
    * 단, 임용일 기준 공사 연령정년인 만 60세 초과자 제외 / 경비원, 미화원의 경우, 만 65세 초과자 제외
    * 모집분야 콜센터상담원(보훈), 경비원(본사/보훈), 조리원(보훈)의 경우, 취업지원대상자만 지원 가능
 - 입사일 당일부터 근무 가능자 (입사연기 불가)
 - 공사 「인사규정」 제6조의 결격사유에 해당하지 않는 자
 - 「병역법」 제76조에 정한 병역의무 불이행 사실이 없는 자
 - 모집분야별 중복지원 불가 / 중복지원 시 불합격 처리
2. 콜센터상담원 : 「국가유공자 등 예우 및 지원에 관한 법률」 제29조에 의한 취업지원대상자
3. 경비(보훈) : 「국가유공자 등 예우 및 지원에 관한 법률」 제29조에 의한 취업지원대상자
4. 경비(일반) : 제한 없음
5. 조리원(보훈) : 「국가유공자 등 예우 및 지원에 관한 법률」 제29조에 의한 취업지원대상자
6. 조리원(일반) : 제한 없음
7. 시설관리(조경) : 조경분야 기능사 이상 자격을 갖춘 자
 - 조경기능사, 조경산업기사, 조경기사
8. 시설관리(기계) : 다음 중 1개 이상의 자격을 갖춘 자
 - 기사(건축설비, 일반기계, 공조냉동기계, 설비보전, 건설기계) 자격 취득자
 - 산업기사(건축설비, 건설기계설비, 공조냉동기계) 자격 취득 후 실무경력 3년 이상인 자
9. 미화원 : 제한 없음","취업지원대상자, 장애인",2026-09-11,Y,학력무관,Y,,무기계약직
alio-304762,잡알리오,한국전기안전공사,2026년 하반기 채용형 인턴 채용,"서울,부산,인천,대전,울산,세종,경기,강원,충북,충남,전북,전남광주,경남,제주",청년인턴(채용형),"사업관리,경영.회계.사무,전기.전자,환경.에너지.안전",,신입,0,학력무관,"1. 「국가유공자 등의 예우 및 지원에 관한 법률」 제31조에 따른 취업지원 대상자
2. 「장애인복지법 시행령」 제2조제1항의 장애인 또는 「국가유공자 등 예우 및 지원에 관한 법률 시행령」 제14조제3항의 상이등급 기준에 해당하는 자
3. 「국민기초생활 보장법」에 따른 수급자
4. 「한부모가족지원법」에 따른 보호대상자
5. 「북한이탈주민의 보호 및",2026-09-08,2026-09-22,https://kesco.or.kr/recruit/main.do,"1. 공통사항
 - 성별, 연령 제한 없음 (단, 임용일 기준 공사 연령정년인 만 60세 초과자 제외)
 - 입사일 당일부터 근무 가능자 (입사연기 불가)
 - 공사 「인사규정」 제6조의 결격사유에 해당하지 않는 자
 - 「병역법」 제76조에 정한 병역의무 불이행 사실이 없는 자
 - 모집분야별, 근무지별 중복지원 불가 / 중복지원 시 불합격 처리
2. 경영관리(보훈) : 「국가유공자 등 예우 및 지원에 관한 법률」 제29조에 의한 취업지원대상자
3. 경영관리(일반) : 제한 없음
4. 기술(보훈) : 가, 나에 해당하는 자격을 모두 갖춘 자
  가. 「국가유공자 등 예우 및 지원에 관한 법률」 제29조에 의한 취업지원대상자
  나. 다음 중 1개 이상의 자격을 갖춘 자
 - 전기분야 기능사 이상 자격이 있는 사람
 - 고등학교에서 전기 관련 학과를 졸업한 자 또는 이와 같은 수준 이상의 학력이 있는 자
5. 기술(일반) : 다음 중 1개 이상의 자격을 갖춘 자
 - 전기분야 기능사 이상 자격이 있는 사람
 - 고등학교에서 전기 관련 학과를 졸업한 자 또는 이와 같은 수준 이상의 학력이 있는 자","취업지원대상자, 장애인, 기초생활수급자, 한부모가족, 북한이탈주민, 다문화가족 자녀, 자립준비청년, 한국전기안전공사 체험형 인턴 수료자, 한국전기안전공사 주관 대국민 공모전 입상자(장관상 이상)",2026-09-11,Y,학력무관,N,,청년인턴(채용형)
alio-304759,잡알리오,한국전력공사,2026년도 하반기 전기원 채용공고,"서울,부산,대구,인천,대전,울산,세종,경기,강원,충북,충남,전북,전남광주,경북,경남,제주",정규직,전기.전자,,신입,0,학력무관,"1. 취업지원대상자(국가유공자 등) : 동점자처리시 우대, 전형단계별 배점(가점제외)의 5% 또는 10% 가점
2. 한전 기간제 근로자
○ 6개월이상~1년미만 근무자 : 1차 전형 배점(가점제외)의 5% 가점
○ 1년이상 근무자 : 1차 전형 배점(가점제외)의 10% 가점
※ 계약종료일로부터 3년 이내 1회에 한해 우대
3. 한전 시간선택제 근로자",2026-09-08,2026-09-22,http://recruit.kepco.co.kr,"1. 연령/학력 : 제한없음 (한전 취업규칙에 따라 정년(60세) 이상인 자 지원 불가)
2. 병역 : 병역법 제76조에서 정한 병역의무 불이행 사실이 없는 자
3. 신체조건 : 색맹이 아닌자
4. 필수자격(아래의 필수자격 모두 보유 시 지원 가능)
- 전기(공사) 산업기사 이상 또는 전기기능사 이상
- 가공배전전공 이상 또는 지중배전전공 이상
- 자동차 운전면허 1종 대형
- 기중기운전기능사 또는 이동식크레인 및 고소작업대 조종자격 교육이수*
* 고용노동부 「유해·위험기관의 취업 제한에 관한 규칙」에서 인정한 교육인정기관
5. 기타 : 한전 인사관리규정 제11조의 결격사유가 없는 자, 근무시작일부터 근무 가능한 자

※ 자세한 사항은 붙임의 채용공고문 참조","취업지원대상자, 한전 기간제 근로자, 한전 시간선택제 근로자 ※ 자세한 사항은 붙임의 채용공고문 참조",2026-09-11,Y,학력무관,Y,,정규직
alio-304747,잡알리오,근로복지공단,[서울남부지사] 기간제(근로자정보입력원 및 시설미화원) 채용 공고,서울,비정규직,"경영.회계.사무,경비.청소",,신입,0,학력무관,"0 해당 법률에 의한 취업지원대상자
- 「국가유공자 등 예우 및 지원에 관한 법률」 제29조에 따른 취업지원대상자(「독립유공자예우에 관한 법률」 제16조, 「보훈보상대상자 지원에 관한 법률」 제35조, 「고엽제후유의증 등 환자지원 및 단체설립에 관한 법률」 제7조의9, 「5.18 민주유공자예우에 관한 법률」 제22조 또는 「특수임무유공자 예우 및 단체설립",2026-09-08,2026-09-15,https://www.comwel.or.kr/recruit/hp/main.do,"0 「국가공무원법」 제33조 및 공단 「인사규정」 제14조 규정에 저촉되지 않는 자
0 학력·경력·연령 제한 없음
0 대한민국 국적을 보유한 자 
0 병역법 제76조에서 정한 병역의무 불이행 사실이 없는 자
- 현재 군복무 중인 경우 임용예정일 이전 전역이 가능한 자
0 임용예정일 즉시 근무가 가능한 자
- 임용일은 공단 사정에 따라 변경될 수 있음","취업지원대상자, 산재보험 장해 3급 이상 판정을 받은 자 본인, 산재사망 근로자 유자녀 또는 산재보험 장해 3급 이상 판정을 받은 자의 자녀, 장애인, 의상자 또는 의사자의 자녀, 기초생활수급자 및 차상위 계층자, 다문화가정 자녀, 북한이탈주민, 경력보유여성, 자립준비청년",2026-09-11,Y,학력무관,Y,,비정규직
alio-304745,잡알리오,한국장애인개발원,[제2026-96호] 2026년도 제2차 정책지원부(정책지원팀) 청년인턴 채용 공고,서울,청년인턴(체험형),사회복지.종교,,신입,0,학력무관,"한글, 엑셀 등 오피스 활용 가능한 자",2026-09-08,2026-09-23,https://www.koddi.or.kr/bbs/notice01_view.jsp?brdNum=7430213&brdType=NOT&brdTp=NOT02,"○ 「청년고용촉진특별법」상 청년에 해당하는 자(임용일 기준 만 34세 이하)
 - 「제대군인지원에 관한 법률」 제16조제1항에 따라 아래 어느 하나에 해당하는 자는 청년연령 연장
   (복무기간 1년미만/연장 1세, 1년이상~2년미만/연장 2세, 2년이상/연장 3세)
○ 우리 원 「인사관리규정」 상 결격사유에 해당하지 않는 자 
○  우리 원 청년인턴 경험이 없는 자
○ 해당 직무를 수행할 수 있는 자","한글, 엑셀 등 오피스 활용 가능한 자",2026-09-11,Y,학력무관,Y,엑셀,청년인턴(체험형)
alio-304738,잡알리오,해양환경공단,2026년 하반기 해양환경공단 체험형 청년인턴(장애인 제한) 채용 공고,"서울,부산",청년인턴(체험형),"경영.회계.사무,환경.에너지.안전",,신입,0,학력무관,"- 각 우대사항에 따라 공단 내부규정에 따른 전형별 가점 부여
 * 취업지원대상자, 장애인, 저소득층, 북한이탈주민, 다문화가족, 자립준비청년, 해양환경공단 근무경력",2026-09-08,2026-09-22,https://www.koem.or.kr/site/insa/ex/board/View.do?cbIdx=478&bcIdx=36379,"※ 응시자격 기준 시점: 입사지원서 접수마감일(시간) 이내
※ 장애인 고용촉진 및 직업재활법 제2조에 의한 장애인으로 응시제한
- 학력 및 전공 무관
- 성별/병역: 무관
- 연령: 「청년고용촉진특별법」 제5조 및 동법 시행령 제2조에 근거하여 본 채용의 채용공고일 기준으로 15세 이상 ~ 34세 이하에 해당되는 자만 지원 가능
 * 「제대군인지원에 관한 법률」 제2조 및 제16조에 따른 제대군인 응시 상한 연령 연장
 * (복무기간 기준) 1년 미만: 1세 / 1년 이상∼2년 미만: 2세 / 2년 이상: 3세
- 최종합격 후 정해진 일자에 즉시 임용이 가능한 자
- 공단 인사규정 제23조에 따라 채용결격사유가 없는 자","취업지원대상자, 장애인, 저소득층, 북한이탈주민, 다문화가족, 해양환경공단 공단 우수인턴, 자립준비청년",2026-09-11,Y,학력무관,Y,,청년인턴(체험형)
alio-304737,잡알리오,창업진흥원,2026년 창업진흥원 제5차 체험형 청년인턴(일반) 채용 공고,"서울,대전,세종",청년인턴(체험형),사업관리,,신입,0,학력무관,"장애인, 기초생활 수급자 또는 차상위계층, 비수도권 지역인재, 경력단절여성, 다문화가족, 북한이탈주민, 취업지원대상자(국가보훈대상자) 등에 가점 부여",2026-09-08,2026-09-23,https://www.kised.or.kr/board.es?mid=a10304000000&bid=0014&act=view&list_no=4599&tag=&nPage=1,"1) 공통사항
ㅇ 만 15세 이상 34세 이하* 청년(청년고용촉진 특별법 시행령 제2조)
* 군필자에 한하여 상한 연장
(1년 미만 → 1년 / 1년 이상 2년 미만 → 2년 / 2년 이상 → 3년)
ㅇ 병역법 제76조에서 정한 병역의무 불이행 사실이 없는 자
ㅇ 창업진흥원 인사규정 제12조의 결격사유에 해당하지 않는 자
ㅇ 해외여행에 결격사유가 없는 자 
 
2) 필수사항
ㅇ 지원자격 공통사항을 모두 충족한 자
ㅇ 창업진흥원에서 청년인턴으로 근무한 경력이 없으며, 현재 근무하지 않는 자
ㅇ 채용 즉시(2026.11.2. 예정) 근무 가능한 자
※ 위 조건 모두 충족 필수
※ 각 분야 지원자격은 접수 마감일('26.9.23.)을 기준으로 해당 요건이 충족되어야 하며, 채용분야별 세부 응시자격은 붙임 공고문 참조","장애인, 기초생활 수급자 또는 차상위계층, 비수도권 지역인재, 경력단절여성, 다문화가족, 북한이탈주민, 취업지원대상자(국가보훈대상자), 자립준비청년",2026-09-11,Y,학력무관,Y,,청년인턴(체험형)
alio-304736,잡알리오,창업진흥원,2026년 창업진흥원 제5차 체험형 청년인턴(장애) 채용 공고,"서울,대전,세종",청년인턴(체험형),"사업관리,경영.회계.사무",,신입,0,학력무관,"기초생활 수급자 또는 차상위계층, 비수도권 지역인재, 경력단절여성, 다문화가족, 북한이탈주민, 취업지원대상자(국가보훈대상자) 등에 가점 부여
",2026-09-08,2026-09-23,https://www.kised.or.kr/board.es?mid=a10304000000&bid=0014&act=view&list_no=4598&tag=&nPage=1,"1) 공통사항
ㅇ 만 15세 이상 34세 이하* 청년(청년고용촉진 특별법 시행령 제2조)
* 군필자에 한하여 상한 연장
(1년 미만 → 1년 / 1년 이상 2년 미만 → 2년 / 2년 이상 → 3년)
ㅇ 병역법 제76조에서 정한 병역의무 불이행 사실이 없는 자
ㅇ 창업진흥원 인사규정 제12조의 결격사유에 해당하지 않는 자
ㅇ 해외여행에 결격사유가 없는 자 
 
2) 필수사항
ㅇ 지원자격 공통사항을 모두 충족한 자
ㅇ 장애인고용촉진 및 직업재활법 제2조 및 동법 시행령 제3조에 해당하는 자
ㅇ 채용 즉시(2026.11.2. 예정) 근무 가능한 자
※ 위 조건 모두 충족 필수
※ 각 분야 지원자격은 접수 마감일('26.9.23.)을 기준으로 해당 요건이 충족되어야 하며, 채용분야별 세부 응시자격은 붙임 공고문 참조","기초생활 수급자 또는 차상위계층, 비수도권 지역인재, 경력단절여성, 다문화가족, 북한이탈주민, 취업지원대상자(국가보훈대상자), 자립준비청년",2026-09-11,Y,학력무관,Y,,청년인턴(체험형)
alio-304724,잡알리오,한국콘텐츠진흥원,"2026년 4분기 한국콘텐츠진흥원 공무직원(환경미화(보훈), 조리) 채용 공고","서울,전남광주",무기계약직,"경비.청소,음식서비스",,신입,0,학력무관,"(가점) 장애인, 고령자/준고령자(환경미화만 해당), 경력단절여성
(동점자 우선 합격) 취업지원대상자, 장애인, 고령자/준고령자(환경미화만 해당), 경력단절여성",2026-09-02,2026-09-16,https://www.kocca.kr/shortUrl/dxCq,"(공통)
  - 연령, 성별, 학력, 전공 제한 없음
  - 모집분야별 직무기술서에 따른 업무가 가능하며 입사예정일 즉시 근무가 가능한 자
  - 입사예정일 기준 정년이 도래하지 않은 자
  - 콘진원 인사규정 제 8조의 결격사유에 해당하지 않는 자

(환경미화) 국가유공자등 예우 및 지원에 관한 법률 제 29조 등에 의한 취업대상자로 증빙이 가능한 자
(조리) 조리기능사 이상 자격증 보유자","취업지원대상자, 장애인, 고령자/준고령자, 경력단절여성",2026-09-11,Y,학력무관,Y,,무기계약직
alio-304720,잡알리오,한국특허기술진흥원,"한국특허기술진흥원 기간제계약직(영문에디터(휴직대체), 청소원(장애인제한경쟁, 재공고)) 채용 안내","서울,대전",비정규직,"사업관리,법률.경찰.소방.교도.국방,경비.청소",,신입+경력,0,"학력무관,대졸(4년),석사,박사",자세한 사항은 첨부파일의 채용공고문 참조,2026-09-08,2026-09-22,https://www.kipro.or.kr/board/recruitment/view/194,"1. 성별, 연령 무관
2. 진흥원 인사규정 제13조에 따라 채용결격사유가 없는 자
3. 모집분야 직무설명서상의 지식을 보유한 자
4. 임용 예정일로부터 근무 가능한 자",자세한 사항은 첨부파일의 채용공고문 참조,2026-09-11,Y,"학력무관,대졸(4년),석사,박사",Y,,비정규직
alio-304703,잡알리오,한국발명진흥회,2026년 제3차 한국발명진흥회 체험형 인턴 채용(장애인 제한경쟁 및 일반),서울,청년인턴(체험형),"사업관리,경영.회계.사무",,신입,0,학력무관,"장애인, 취업지원대상자, 청년, 지식재산능력시험 자격 보유자 등",2026-09-07,2026-09-21,https://www.kipa.org/kipa/notice/recruit_notice.jsp?mode=view&article_no=129086&board_wrapper=%2Fkipa%2Fnotice%2Frecruit_notice.jsp&pager.offset=0&board_no=1345,"[공통 지원자격]
ㅇ 우리회 인사규정상 채용 결격사유에 해당되지 않는 자
ㅇ 입사지원서 접수마감일 기준 우리회 정년(만 60세)에 도달하지 않은 자
ㅇ 병역법 제76조에서 정한 병역의무 불이행 사실이 없는 자
ㅇ 해외여행에 결격사유가 없는 자
ㅇ 채용 확정 후 즉시 근무 가능한 자

[모집분야별 지원자격]
ㅇ (인턴-01) 장애인 증명서 소지자","장애인, 취업지원대상자, 청년, 지식재산능력시험 자격 보유자 등",2026-09-11,Y,학력무관,Y,,청년인턴(체험형)
alio-304702,잡알리오,한국발명진흥회,2026년 제4차 한국발명진흥회 임시계약직 채용,서울,비정규직,"사업관리,경영.회계.사무",,신입+경력,0,학력무관,"장애인, 취업지원대상자, 지식재산능력시험 자격 보유자 등",2026-09-07,2026-09-21,https://www.kipa.org/kipa/notice/recruit_notice.jsp?mode=view&article_no=129085&board_wrapper=%2Fkipa%2Fnotice%2Frecruit_notice.jsp&pager.offset=0&board_no=1345,"[공통 지원자격]
ㅇ 우리회 인사규정상 채용 결격사유에 해당되지 않는 자
ㅇ 입사지원서 접수마감일 기준 우리회 정년(만 60세)에 도달하지 않은 자
ㅇ 병역법 제76조에서 정한 병역의무 불이행 사실이 없는 자
ㅇ 해외여행에 결격사유가 없는 자
ㅇ 채용 확정 후 즉시 근무 가능한 자

[모집분야별 지원자격]
ㅇ 다음 중 하나 이상의 요건을 충족하는 자
- 4년제 정규대학 졸업 이상의 자격이 인정되는 자
- 전문학사 취득 후 관련분야 2년 이상의 경력이 인정되는 자
- 고등학교 졸업 후 관련분야 4년 이상의 경력이 인정되는 자
- 기타 상기 요건과 동등한 자격이 있다고 인정되는 자
* 관련분야 : 채용예정직무 또는 지식재산 관련분야","장애인, 취업지원대상자, 지식재산능력시험 자격 보유자 등",2026-09-11,Y,학력무관,Y,,비정규직
alio-304699,잡알리오,한국발명진흥회,2026년 제3차 한국발명진흥회 전문계약직 채용,서울,비정규직,"사업관리,경영.회계.사무,법률.경찰.소방.교도.국방",,신입+경력,0,"학력무관,박사","장애인, 취업지원대상자, 지식재산능력시험 자격 보유자 등

※ 세부내용은 공고문을 참고하시기 바랍니다.",2026-09-07,2026-09-21,https://www.kipa.org/kipa/notice/recruit_notice.jsp?mode=view&article_no=129084&board_wrapper=%2Fkipa%2Fnotice%2Frecruit_notice.jsp&pager.offset=0&board_no=1345,"[공통 지원자격]
ㅇ 우리회 인사규정상 채용 결격사유에 해당되지 않는 자
ㅇ 입사지원서 접수마감일 기준 우리회 정년(만 60세)에 도달하지 않은 자
ㅇ 병역법 제76조에서 정한 병역의무 불이행 사실이 없는 자
ㅇ 해외여행에 결격사유가 없는 자
ㅇ 채용 확정 후 즉시 근무 가능한 자

[모집분야별 지원자격]
ㅇ 박사, 변리사, 기술사 등 모집분야별 지원자격이 상이하므로 공고문 참조","장애인, 취업지원대상자, 지식재산능력시험 자격 보유자 등",2026-09-11,Y,"학력무관,박사",Y,,비정규직
alio-304697,잡알리오,(재)한국보건의료정보원,2026년 제5차 직원채용 공고,"서울,충북",비정규직,"사업관리,경영.회계.사무,보건.의료,연구",,신입+경력,0,"학력무관,고졸,대졸(2~3년),대졸(4년),석사,박사","1. 국가유공자 및 보훈대상자 등 : 전형단계별 만점의 5%(직계존속 등에 해당하는 경우) 또는 10%(본인일 경우) 가산점 부여

2. 장애인 : 전형단계별 만점의 5% 가산점 부여

3. 저소득층 : 전형단계별 만점의 3% 가산점 부여

4. 비수도권 지역인재 : 서류전형 평가점수 합계에 2점 가산점 부여
* 대학원 이상 제외

5. 북",2026-09-07,2026-09-21,https://khis.ai-recruit.kr,"○ 기간제 근로자 - 행정, 전산

- 행정전문요원 가등급
ㆍ채용 관련 분야에서 7년 이상 근무한자
ㆍ채용 관련분야 석사학위 취득 후 3년 이상 실무 경력자
ㆍ채용 관련분야 박사학위 취득자

- 행정전문요원 나등급
ㆍ채용 관련분야에서 3년 이상 근무한 자
ㆍ채용 관련분야 석사학위 취득자

- 전산전문요원 고급기술자
ㆍ중급기술자 자격 취득 후 3년 이상 소프트웨어 기술 분야의 업무를 수행한 자
ㆍ박사학위를 가진 자로서 기사자격 또는 산업통상자원부장관이 고시하는 해당 등급의 공인민간자격을 취득한자
ㆍIT관련 경력 7년 이상인 자로서 채용 관련 업무 경력자

- 전산전문요원 중급기술자
ㆍ기사의 자격을 취득한 자로서 3년 이상 소프트웨어 기술 분야의 업무를 수행한 자
ㆍ기사자격 또는 산업통상자원부장관이 고시하는 해당 등급의 공인민간자격을 취득한 자로서 석사학위 취득 후 2년 이상 소프트웨어 기술 분야의
업무를 수행한자
ㆍIT관련 경력 5년 이상인 자로서 채용 관련 업무 경력자

- 전산전문요원 초급기술자
ㆍ기사 자격을 취득한 자
ㆍIT관련 경력자로서 채용 관련 업무 경력자

○ 기간제 근로자 - 연구직

- 선임연구원
ㆍ해당분야 박사학위 소지자
ㆍ석사학위를 갖고 있으며 5년 이상 채용 분야의 업무경력자
ㆍ학사학위를 갖고 있으며 7년 이상 채용 분야의 업무경력자
ㆍ전문학사학위를 갖고 있으며 10년 이상 채용 분야의 업무경력자
ㆍ상기 각 요건과 동등한 자격이 있다고 인사위원회가 인정한 자

- 연구원
ㆍ해당분야 석사학위 소지자
ㆍ학사학위를 갖고 있으며 3년 이상 채용 분야의 업무경력자
ㆍ전문학사학위를 갖고 있으며 5년 이상 채용 분야의 업무경력자
ㆍ고등학교 졸업 후 7년 이상 채용 분야의 업무경력자
ㆍ상기 각 요건과 동등한 자격이 있다고 인사위원회가 인정한 자

- 연구보조원
ㆍ해당분야 학사학위 소지자
ㆍ전문학사학위를 갖고 있으며 2년 이상 채용 분야의 업무경력자
ㆍ고등학교 졸업 후 4년 이상 채용 분야의 업무경력자
ㆍ상기 각 요건과 동등한 자격이 있다고 인사위원회가 인정한 자

* 제한경쟁 및 변호사 분야에 대한 지원자격은 글자수 제한으로 <붙임 26년 제5차 직원채용 공고문> 파일 참조","국가유공자 및 보훈대상자 등, 장애인, 저소득층, 비수도권 지역인재, 북한이탈주민·다문화가족, 자립준비청년, 직무관련 면허·자격증 소지자, 기간제 근로자",2026-09-11,Y,"학력무관,고졸,대졸(2~3년),대졸(4년),석사,박사",N,,비정규직
alio-304680,잡알리오,한국산업은행,한국산업은행 2026년 3차 청년인턴 채용공고,"서울,부산,대구,인천,대전,울산,세종,경기,강원,충북,충남,전북,전남광주,경북,경남",청년인턴(체험형),금융.보험,,신입,0,학력무관,"○ 「국가유공자 등 예우 및 지원에 관한 법률」등에 의한 취업지원대상자
○ 「장애인고용촉진 및 직업재활법」에 의한 장애인(장애인 부문 지원자 外)
○ 저소득층
 * 저소득층의 범위 (본인 기준)
  - 『국민기초생활보장법』 제2조 제2호 및 제10호의 규정에 의한 국민기초생활수급자 또는 차상위계층에 속한 자
  - 『한부모가족지원법』 제5조의 규정",2026-09-08,2026-09-22,https://kdb.incruit.com/hire/viewhire.asp?projectid=129,"[공통]
○ 연령 : 채용예정일 기준 만 34세 이하인 자*(‘91.12.04. 이후 출생)
    * 「청년고용촉진특별법 시행령」 제2조에 따른 청년에 해당하는 자
  - 군필자의 경우「제대군인지원에 관한 법률」등에 의거 아래 연령 상한 적용
    · 군복무기간 1년 미만: 만 35세, 1년 이상∼2년 미만: 만 36세, 2년 이상: 만 37세
○ 학력 및 전공에 따른 응시자격 제한 없음 
○ 계약기간 중 전일 근무가능한 자
○ 당행 인턴(청년인턴, 장애인인턴)으로 근무한 경험이 없는 자
○「부패방지 및 국민권익위원회의 설치와 운영에 관한 법률」제82조 “비위면직자 등”에 해당되지 않는 자
○ 당행 인사내규상 결격사유에 해당되지 않는 자

[장애인 부분]
○ 「장애인고용촉진 및 직업재활법」에 의한 장애인",하단 우대내용 참고,2026-09-11,Y,학력무관,Y,,청년인턴(체험형)
alio-304667,잡알리오,한국여성과학기술인육성재단,2026년도 제5차 하반기 체험형 청년인턴 채용 공고,서울,청년인턴(체험형),경영.회계.사무,,신입,0,학력무관,"- 비수도권 지역인재
※ 대학까지의 최종학력을 기준으로 서울·경기·인천 지역을 제외한 비수도권 지방학교 졸업 인재
(최종학력이 고졸이하인 경우에는 최종학교 소재지가 비수도권인 경우 해당)
- 저소득층*, 북한이탈주민, 다문화 가족
* 공무원임용시험령 제2조에 의한 저소득층에 속하는 사람",2026-09-07,2026-09-22,https://wiset.or.kr/bbs/BBSMSTR_000000000305/view.do,"<일반>
- 청년(만15세 이상 ~ 만34세 이하, 청년고용촉진특별법 제2조 및 제5조)
- 인사규정 제11조* 에서 규정한 결격 사유가 없는 자
- 비리행위로 해임, 파면, 직권면직 등 직을 상실한 적이 없는 자
- 학력, 성별, 어학, 연령* 제한 없음

* 인사규정 제11조
제11조(결격사유)다음 각호의 1에 해당하는 자는 직원으로 채용할 수 없다.
1. 국가공무원법 제33조 각 호에 해당되는 자
2. 법률에 의하여 공민권이 정지 또는 박탈된 자
3. 병역의무를 기피한 사실이 있는 자
4. 정부 및 공공기관, 민간기업 등에서 부정한 방법으로 채용된 사실이 적발되어 채용이 취소된 적이 있는 자 또는 「부패방지 및 국민권익위원회의 설치와 운영에 관한 법률」 제82조에 따른 비위면직자 등의 취업제한 적용을 받는 자","비수도권 지역인재, 저소득층, 북한이탈주민, 다문화가족",2026-09-11,Y,학력무관,Y,,청년인턴(체험형)
alio-304659,잡알리오,한국문화관광연구원,한국문화관광연구원 위촉직원 채용 공고 [2026-36],서울,비정규직,연구,,신입,0,석사,"*세부내용은 공고문 확인부탁드립니다.
ㅇ 장애인고용촉진 및 직업재활법에 따른 장애인 등록자 서류심사 5점 가점 부여
ㅇ 연구원 청년인턴 경력자 및 기획재정부장관이 정하는 기준에 따른 비수도권 지역인재 3점 가점 부여",2026-09-04,2026-09-11,https://www.kcti.re.kr/web/board/boardContentsView.do?link_g_topmenu_id=ddae821ae0f44206abfef8bb42bbd86f&link_g_submenu_id=588dd60e4c414d5a9131a2e1db29910e&link_g_homepage=F&board_id=19&contents_id=ceae2aff58934d1a9e82b2def86ee57f,"ㅇ전공: *세부내용은 공고문 확인부탁드립니다.
ㅇ임용자격 기준
- 관련 분야 석사학위 취득자
- 관련 분야 학사학위 취득 후 2년 이상 연구경력이 있는 자(증빙서류 필수제출)
- 기타 위와 동등한 자격이 있다고 인정되는 자","장애인 등록자, 우리원 청년인턴 경력자 및 비수도권 지역인재",2026-09-11,Y,석사,N,,비정규직
alio-304656,잡알리오,국민연금공단, 2026년도 하반기 일반직 신입직원 공개채용 공고,"서울,부산,대구,인천,대전,울산,세종,경기,강원,충북,충남,전북,전남광주,경북,경남,제주",정규직,"경영.회계.사무,보건.의료,사회복지.종교,전기.전자",,신입+경력,0,"학력무관,고졸","[취업지원대상자] 모든 전형 단계 가점 5%, 10%
[장애인] 서류전형, 필기전형 가점 10%
[국민기초생활수급자, 한부모가족, 북한이탈주민, 다문화가족, 자립준비청년] 서류전형 가점 5%
[의사상자] 서류전형 가점 3%,5%
[청년인턴 경험자: 2025년 국민연금공단에서 3개월 이상 근무하고 청년인턴평가표상 미흡평가를 받지 않은 사람] 서류전형 ",2026-09-04,2026-09-18,https://www.nps.or.kr/pnsgdnc/hiregdnc/getOHAE0004M0List.do?menuId=MN24000969,"(공통)
성별, 연령, 학력(사무직 6급보 제외) 제한 없음 [임용일 기준 공단 정년(60세) 이상자는 제외]
대한민국 국적을 보유한 사람
공단이 정한 임용일부터 교육 입소 및 근무가 가능한 사람
공단 인사규정 제11조(결격사유)에 해당하지 않는 사람

(6급 사무직 일반)
공통 지원자격 외 별도의 응시자격 없음

(6급 사무직 취업지원)
「국가유공자 등 예우 및 지원에 관한 법률」 등 보훈관계법률에 따른 취업지원대상자에 해당하는 사람

(6급 사무직 장애인)
「장애인고용촉진 및 직업재활법 시행령」 제3조 및 제4조에 따른 장애인에 해당하는 사람

(6급 사무직 사회형평)
국민기초생활수급자, 한부모가족, 북한이탈주민, 다문화가족, 자립준비청년, 의사상자 중 1가지 이상에 해당하는 사람

(6급 심사직)
간호사, 물리치료사, 임상병리사, 작업치료사 면허증 소지자로 면허 취득 이후 관련 업무 1년 이상 경력자*
*「의료법」 제3조제2항제3호에 따른 병원급 의료기관의 임상 경력 또는 우리 공단 심사 경력(기초근평 의학적 평가 포함)
※ 경력환산은 365일을 1년으로 산정함

(6급 기술직 전기)
전기기사, 전기공사기사, 건축전기설비기술사 자격증 중 하나 이상 소지자로, 해당 자격증 취득 이후 관련분야 1년 이상 경력자
※ 경력환산은 365일을 1년으로 산정함

(6급보 사무직 일반)
최종학력이 고등학교 졸업인 자 또는 이에 준하는 학력자

(6급보 사무직 사회형평)
최종학력이 고등학교 졸업인 자 또는 이에 준하는 학력자이면서 국민기초생활수급자, 한부모가족, 북한이탈주민, 다문화가족, 자립준비청년, 의사상자 중 1가지 이상에 해당하는 사람

* 자세한 사항은 첨부파일의 채용공고문을 참조","취업지원대상자, 장애인, 국민기초생활수급자, 한부모가족, 북한이탈주민, 다문화가족, 자립준비청년, 의사상자, 2025년 국민연금공단 청년인턴으로 3개월 이상 근무한 사람, 국민연금 대학생 홍보대사 수료자, 국민연금공단 6급 시간선택제 근로자로 6개월 이상 근무한 사람, 국민연금공단 특정 직렬 공무직으로 6개월 이상 근무한 사람, 이전지역(전북특별자치도) 인재",2026-09-11,Y,"학력무관,고졸",Y,,정규직
alio-304647,잡알리오,서울대학교병원,진료교수요원 및 진료의 공개 채용,서울,비정규직,보건.의료,,신입+경력,0,학력무관,취업지원대상자는 관련 법령이 정하는 바에 따라 우대함,2026-09-07,2026-09-14,https://www.snuh.org/about/news/recruit/recruView.do?recruit_id=26115,"진료과 전문의 자격증 소지자 등
→ 보다 자세한 사항은 첨부파일의 채용공고문을 참조",취업지원대상자,2026-09-11,Y,학력무관,Y,,비정규직
alio-304637,잡알리오,대한적십자사,2026년도 하반기 대한적십자사 KOICA 영프로페셔널(YP) 청년인턴 공개모집,서울,청년인턴(체험형),"사업관리,경영.회계.사무",,신입,0,학력무관,"<서류심사 우선합격 대상(관련 증빙서류 제출자에 한함)>
 가. 국가유공자 등 예우 및 지원에 관한 법률 제29조 및 독립유공자예우에 관한 법률 제16조에 해당하는 자
 나. 5?18민주유공자예우 및 단체설립에 관한 법률 제20조 및 특수임무유공자 예우 및 단체설립에 관한 법률 제 19조의 규정에 의한 취업지원대상자
 다. 보훈보상대상자 지원에 관한 ",2026-09-04,2026-09-28,https://www.redcross.or.kr/main/pt/pst/selectPstInfo.do?mi=2378&pstSn=505055&bbsId=1422,"<필수 자격조건>
? 만 19세 이상 만 34세 이하 미취업자
   (단, 군필자는 해당법률에 따라 연령 연장)
 ※ 제대군인지원에 관한 법률 제16조 1항에 의거 제대군인에 대한 채용시험 응시 연령 상한을 다음 각 호와 같이 연장함
 ▷ 2년 이상의 복무기간을 마치고 전역한 제대군인: 만 37세
 ▷ 1년 이상 2년 미만의 복무기간을 마치고 전역한 제대군인: 만 36세
 ▷ 1년 미만의 복무기간을 마치고 전역한 제대군인: 만 35세
? KOICA 개발협력 사업수행기관 영프로페셔널(YP)로 근무한 경험이 없는 자
? 2024. 11. 1. 이후 응시한 TOEIC 700점 이상 또는 TEPS 555점(NEW TEPS 264점) 이상인 자 (다만, 청각장애인의 경우 TOEIC 350점 이상, TEPS 333점 이상(NEW TEPS 153점) 이상 적용)
※ 자격증 및 면허증은 원서 접수 시작일(9. 7.) 이전 취득에 한하여 인정하며 자체 유효 기간이 있는 경우 원서 접수 마감일(9. 28.) 기준 유효한 것만 인정
※ 다만, 통합채용포털을 통해 사전 등록한 것이 인정되는 어학성적의 경우에는 연장된 유효기간이 원서 접수 마감일(9. 28.) 기준 유효한 경우 인정

<공통 자격조건>
- 공무원 채용 신체검사 규정 제4조(불합격 판정기준)에 해당하지 않는 자
- 병역법 제76조의 병역의무 불이행자에 해당하지 않는 자
- 대한적십자사직원운영규정 제20조 임용결격사유에 해당하지 않는 자
- 임용(예정)일(‘26. 11. 1.)부터 근무가능한 자","취업지원대상자, 장애인, 북한이탈주민",2026-09-11,Y,학력무관,Y,,청년인턴(체험형)
alio-304632,잡알리오,한국인터넷진흥원,2026년 한국인터넷진흥원 체험형 청년인턴 채용 공고,"서울,전남광주","비정규직,청년인턴(체험형)","사업관리,경영.회계.사무,정보통신",,신입+경력,0,학력무관,"º 취업지원대상자 : 서류전형 면제 / 전 전형 5% 또는 10%
º 사회형평인력(장애인) : 서류전형 면제 / 전 전형 10%
º 사회형평인력(저소득층, 한부모가족, 자립준비청년, 다문화가족, 북한이탈주민) : 서류전형 3%
º 자격(컴활 1급, 정보처리기사, 빅데이터분석기사, CPPG) : 서류전형 1% 가점
º 전공(IT관련 분야 전공자) : ",2026-09-07,2026-09-21,https://kisa.applyin.co.kr,"<공통>
º 입사예정일 기준 만 15세 이상 만 34세 이하인 자
 ※ 청년고용촉진특별법 시행령 제2조에 따른 청년
 ※ 단, 제대군인지원에 관한 법률 및 시행령에 따른 제대군인은 응시연령 상한적용
  - 2년 이상 복무기간을 마치고 전역한 제대군인 : 입사예정일 기준 만 37세
  - 1년 이상 2년 미만의 복무기간을 마치고 전역한 제대군인 : 입사예정일 기준 만 36세
  - 1년 미만의 복무기간을 마치고 전역한 제대군인 : 입사예정일 기준 만 35세
º 학력, 전공, 성별 제한 없음
º 입사예정일부터 KISA 소속으로 근무 가능한 자
º 「부패방지 및 국민권익위원회의 설치와 운영에 관한 법률」 제82조에 해당되지 않는 자
º 한국인터넷진흥원 인사규정 제7조(결격사유)에 해당하지 않는 자([붙임1])
º 병역법 제76조에서 정한 병역의무 불이행 사실이 없는 자

< 자립준비청년 제한 분야 >
 º 아동복지법에 따른 자립지원 대상자로, 보호조치가 종료되거나 보호시설을 퇴소한 지 5년 이내인 자","취업지원대상자, 장애인, 저소득층, 한부모가족, 자립준비청년, 다문화가족, 북한이탈주민, 자격증, IT분야 전공자",2026-09-11,Y,학력무관,Y,"데이터, 정보처리기사, 빅데이터분석기사","비정규직,청년인턴(체험형)"
alio-304624,잡알리오,대한적십자사,대한적십자사 서울남부혈액원 비정규직 장애인 한시적 근로자 채용 공고,서울,비정규직,경영.회계.사무,,신입+경력,0,학력무관,"대민업무 수행직원으로 헌혈자 대상으로 키오스크 안내등 의사소통이 원활해야 하고, 헌혈의집 물품 정리등 헌혈의집 보조 및 지원업무가 가능한 자",2026-09-03,2026-09-18,https://www.bloodinfo.net/,"  가.「장애인고용촉진 및 직업재활법」 제2조 제1호 규정에 의한 장애인 
  나. 임용예정일부터 근무 가능한 자
  다. 병역법 제76조에 따른 병역의무 불이행자에 해당하지 않는 자
  라. ?대한적십자사직원운영규정? 제20조(결격사유)에 해당되지 않는 자",대민업무(헌혈자 안내 등) 수행 가능자 ,2026-09-11,Y,학력무관,Y,,비정규직
alio-304622,잡알리오,한국지식재산보호원,[한국지식재산보호원] 2026년도 제9차 인력채용,서울,"정규직,비정규직,청년인턴(채용형)","사업관리,경영.회계.사무,법률.경찰.소방.교도.국방",,신입+경력,0,"학력무관,박사","※ 모집전형이 많으므로 반드시 첨부된 공고문 원문 참고 요망 ※

1. 정규직(채용형 인턴)
- 지재권법 등 법학 전공자
- 공공기관 또는 유사업무 경험자

2. 정규직(채용형 인턴)
- IT 관련 학과 전공자
- 지재권 및 공공기관 업무 경험자

3. 정규직(채용형 인턴)
- 지재권 및 공공기관 업무 경험자

4. 정규직(채용형 인",2026-09-03,2026-09-18,https://koipa.recruiter.co.kr/,"※ 모집전형이 많으므로 반드시 첨부된 공고문 원문 참고 요망 ※

1. 정규직(채용형 인턴)
- 채용직급별 응시자격 청년인턴에 해당하는 자

2. 정규직(채용형 인턴)
- 채용직급별 응시자격 청년인턴에 해당하는 자

3. 정규직(채용형 인턴)
- 채용직급별 응시자격 청년인턴에 해당하는 자

4. 정규직(채용형 인턴)
- 채용직급별 응시자격 청년인턴에 해당하는 자

5. 정규직(채용형 인턴)
- 채용직급별 응시자격 청년인턴에 해당하는 자

6. 정규직(채용형 인턴)
- 채용직급별 응시자격 청년인턴에 해당하는 자

7. 전문계약직(전문위원)
- 박사학위 소지자 또는 국내?외 변호사 또는 변리사
- 기계 또는 전기공학 관련 전공자

8. 전문계약직(전문위원)
- 박사학위 소지자 또는 국내?외 변호사 또는 변리사

9. 전문계약직(전문위원)
- 박사학위 소지자 또는 국내?외 변호사 또는 변리사

10. 전문계약직(전문위원)
- 박사학위 소지자 또는 국내?외 변호사 또는 변리사
- 중국어 가능자

11. 전문계약직(전문위원)
- 박사학위 소지자 또는 국내?외 변호사 또는 변리사","공통 우대사항 : 장애인, 국가유공자, 저소득층, 북한이탈주민, 다문화가정, 경력단절여성, 자립준비청년 등 *자세한 사항은 첨부파일의 채용공고문을 참조",2026-09-11,Y,"학력무관,박사",Y,,"정규직,비정규직,청년인턴(채용형)"
alio-304621,잡알리오,한국지식재산보호원,[한국지식재산보호원] 2026년도 제8차 인력채용,서울,"비정규직,청년인턴(체험형)","경영.회계.사무,법률.경찰.소방.교도.국방",,신입,0,"학력무관,대졸(4년)","※ 세부 내용은 첨부된 공고문 원문 참고 요망 ※

1. 기간제계약직(6급)
- 공공기관 업무 유경험자

2. 기간제계약직(6급)
- 한글 및 엑셀 사용 가능자

3. 청년인턴(체험형)
- 해당사항 없음

4. 청년인턴(체험형)
- 엑셀 가능자

5. 청년인턴(체험형)
- 해당사항 없음",2026-09-03,2026-09-18,https://koipa.recruiter.co.kr/,"※ 세부 내용은 첨부된 공고문 원문 참고 요망 ※

1. 기간제계약직(6급)
- 채용직급별 응시자격 6급에 해당하는 자

2. 기간제계약직(6급)
- 채용직급별 응시자격 6급에 해당하는 자

3. 청년인턴(체험형)
- 채용직급별 응시자격 청년인턴에 해당하는 자

4. 청년인턴(체험형)
- 채용직급별 응시자격 청년인턴에 해당하는 자

5. 청년인턴(체험형)
- 채용직급별 응시자격 청년인턴에 해당하는 자","공통 우대사항 : 장애인, 국가유공자, 저소득층, 북한이탈주민, 다문화가정, 경력단절여성, 자립준비청년 등 *자세한 사항은 첨부파일의 채용공고문을 참조",2026-09-11,Y,"학력무관,대졸(4년)",Y,엑셀,"비정규직,청년인턴(체험형)"
alio-304617,잡알리오,한국보훈복지의료공단,[중앙보훈병원] 기간제 간호직 채용공고(9월),서울,비정규직,보건.의료,,신입+경력,0,학력무관,"- 「장애인 고용촉진 및 직업재활법」 에 따른 장애인은 2차전형(면접) 시 만점의 10%가점 부여
- 「국가유공자 등 예우 및 지원에 관한 법률」 등 각종 보훈 관련 법령에 따른 취업지원대상자는 증명서상 가점 부여 ※합격인원의 30% 범위 내 적용",2026-09-03,2026-09-17,https://www.bohun.or.kr/main/na/ntt/selectNttInfo.do?mi=37030&bbsId=1158&bbsSysId=main&nttSn=189157,"[공통 자격요건]
- 인사규정 제18조에 정한 결격사유에 해당하지 않는 자
- 성별, 학력 및 전공: 제한 없음
※단, 공고마감일 기준 정년(60세)에 도달한 자는 지원 불가
[필수 자격요건]
- 기간제 간호직(간호사): (필수1) 공고마감일 기준 간호사 면허증 소지자
※ 자세한 내용은 채용공고문 확인","「장애인 고용촉진 및 직업재활법」 에 따른 장애인 우대, 「국가유공자 등 예우 및 지원에 관한 법률」 등 각종 보훈 관련 법령에 따른 취업지원대상자 우대 ※합격인원의 30% 범위 내 적용",2026-09-11,Y,학력무관,Y,,비정규직
alio-304582,잡알리오,한전KPS(주),한전KPS(주) 서울경기전력지사 군포지점 단기노무원(부지정리) 모집,"서울,경기",비정규직,전기.전자,,신입+경력,0,학력무관,"보훈대상자: 각 전형단계별 가점부여(만점의 5%~10%)
장애인: 각 전형단계별 가점부여(만점의 5%)
건설업 기초안전보건교육 수료장(만점의 5%)",2026-09-03,2026-09-11,https://www.kps.co.kr,채용예정일 즉시 근무 가능한 자,"보훈대상자: 각 전형단계별 가점부여(만점의 5%~10%), 장애인: 각 전형단계별 가점부여(만점의 5%), 건설업 기초안전보건교육 수료장(만점의 5%)",2026-09-11,Y,학력무관,Y,,비정규직
alio-304570,잡알리오,한국장애인개발원,[제2026-95호]2026년도 직업재활부(사업평가팀) 사회형평적(장애인)  청년인턴 채용 공고,서울,청년인턴(체험형),사회복지.종교,,신입,0,학력무관,"○ 재활학, 사회복지학, 특수교육학 등 관련학과 졸업자
○ 장애인복지 관련 업무 수행 경험자
○ 한글, 엑셀 등 오피스 활용 가능한 자",2026-09-03,2026-09-17,https://koddi.fairyhr.com/,"○ 우리 원 「인사관리규정」 상 결격사유에 해당하지 않는 자 
○ 임용예정일(‘26. 10. 12.)부터 근무 가능한 자
○ 아래 자격요건(①~③)을 모두 충족하는 자
 ① ?청년고용촉진특별법?상 청년에 해당하는 자
     (임용일 기준 만 34세 이하)
 ② 「장애인복지법」에 따른 장애인
 ③ 우리 원 청년인턴 경험이 없는 자
○ 해당 직무를 수행할 수 있는 자","재활학, 사회복지학, 특수교육학 등 관련학과 졸업자, 장애인복지 관련 업무 수행 경험자, 한글, 엑셀 등 오피스 활용 가능한 자",2026-09-11,Y,학력무관,Y,엑셀,청년인턴(체험형)
alio-304557,잡알리오,중소기업은행,2026년 하반기 IBK기업은행 일반직원(정규직) 수시채용 공고,"서울,부산,대구,인천,대전,울산,세종,경기,강원,충북,충남,전북,전남광주,경북,경남,제주,해외",정규직,"금융.보험,정보통신",,신입+경력,0,"학력무관,대졸(4년),석사,박사",□ 「국가유공자 등 예우 및 지원에 관한 법률」에 따라 지원자의 수가 채용예정인원과 같거나 적은 경우 취업지원대상자에게 가점을 부여합니다.,2026-09-04,2026-09-21,https://ibk.incruit.com,"□ 채용인원 : IT 사업관리·컨설팅(2명) / 플랫폼 아키텍처 설계·운영(2명) / 사이버위협 분석·대응(2명) / 글로벌 투자금융(2명) / 글로벌 금융(통번역사)(1명) / 자금운용(1명) / 보험계리사(2명) / 공인회계사(KICPA)(3명)

□ 기본요건
- 남성의 경우 병역필* 또는 면제자*
* 2026. 11. 30. 이전 전역 가능한 자 포함
- 채용 확정(12월 초·중순 예정) 후 전일 근무 가능한 자*
* 졸업, 재학, 이직 절차, 군 전역 등의 사유로 입행 유예 불가
- 당행 인사규정 「채용의 제한」 대상자 등(“유의사항” 참조)이 아닌 자

□ 응시자격
- IT 사업관리·컨설팅
· 학사학위 이상 소지자(전공무관)로서 “IT 사업관리” 또는 “IT 컨설팅” 관련 업무* 경력 5년 이상 보유자 
* 사업기획, 투자심의, 사업관리(PM, PMO), 정보화컨설팅, 대가 산정 등

- 플랫폼 아키텍처 설계·운영
· 학사학위 이상 소지자(관련 전공*)로서 “컨테이너 기반 아키텍처 설계·운영” 관련 업무 경력 5년 이상 보유자 

- 사이버위협 분석·대응  ※ 다음 ①, ② 中 1개 이상 해당하는 자
① 석사학위 이상 소지자(전공무관)로서 “침해대응” 또는 “모의해킹” 관련 업무 경력 3년 이상 보유자
② 학사학위 소지자(전공무관)로서 “침해대응” 또는 “모의해킹” 관련 업무 경력 5년 이상 보유자

- 글로벌 투자금융
· 학사학위 이상 소지자(전공무관)로서 “IB” 또는 “투자·운용” 관련 업무* 경력 2년 이상 보유자
* IB : 인수금융, 기업금융, 구조화, PF, 부동산·인프라금융, 오브젝트금융 등
 투자·운용 : 채권, FX, 선물·옵션, 대체투자, 포트폴리오 리스크관리

- 글로벌 금융(통번역사)
· 통역번역(통번역)대학원(한영) 졸업 또는 수료자로서 “글로벌사업” 관련 업무* 경력 3년 이상 보유자
* 글로벌사업 전략 수립 및 기획, 해외법인(지사) 신설, 해외기관 협력사업 발굴 및 FI사업 추진 등

- 자금운용
· 학사학위 이상 소지자(전공무관)로서 “자금운용” 관련 업무 경력 5년 이상 보유자

- 보험계리사
· 보험계리사 등록증 소지자로서, “퇴직연금계리(IFRS계리평가 또는 재정검증)” 관련 업무 경력 1년 이상 보유자

- 공인회계사(KICPA)
· 공인회계사(KICPA) 등록증 소지자","□ IT 사업 관리·컨설팅, 사이버위협 분석·대응, 글로벌 투자금융, 글로벌 금융(통번역사) : 직무관련 자격증 보유자/ 공인어학시험의 인정기준을 충족한 자/ 금융기관 근무경력 보유자 (보다 자세한 사항은 첨부파일의 채용공고문을 참조)",2026-09-11,Y,"학력무관,대졸(4년),석사,박사",Y,,정규직
alio-304556,잡알리오,한국교통안전공단,2026년 한국교통안전공단 서울본부 기간제근로자 채용(통합4차) 공고,서울,"비정규직,청년인턴(체험형)","경영.회계.사무,기계",,신입,0,학력무관,"○ 「국가유공자 등 예우 및 지원에 관한 법률」 제29조에 의한 취업지원대상자는 각 전형단계별로 만점(가점제외)의 5% 또는 10%를 우대 적용합니다.
(단, 가점을 받아 채용시험에 합격하는 사람은 선발인원의 30%를 초과할 수 없으며, 동점자 발생시 취업지원대상자 우선 선발)
* 취업지원대상자(국가유공자 등 예우 및 지원에 관한 법률 등)에 대한 가점",2026-09-07,2026-09-22,https://kotsa1.career.co.kr/,"ㅁ 청년인턴(사무_장애)_안전사업1처: 사무보조 등
ㅇ연령 : 15세 이상 34세 이하
ㅇ학력 : 제한없음
ㅇ자격 : 「장애인고용촉진 및 직업재활법 시행령」에 의한 장애인
ㅇ기타제한 : 없음

ㅁ 청년인턴(사무_장애)_안전사업1처: 사무보조 및 민원응대 등
ㅇ연령 : 15세 이상 34세 이하
ㅇ학력 : 제한없음
ㅇ자격 : 「장애인고용촉진 및 직업재활법 시행령」에 의한 장애인
ㅇ기타제한 : 없음

ㅁ 청년인턴(사무_자립준비)_안전사업1처: 사무보조 및 민원응대 등
ㅇ연령 : 15세 이상 34세 이하
ㅇ학력 : 제한없음
ㅇ자격 : 「아동복지법」에 의한 자립지원 대상자로 아동복지시설 등에서 보호조치가 종료되거나 퇴소한지 5년 이내인 자
ㅇ기타제한 : 공고일 기준 취업중인자 지원불가

ㅁ 실무원(검사)_강남검사소: 자동차검사 업무
ㅇ연령 : 정년(60세)을 초과한 자 제외
ㅇ학력 : 제한없음
ㅇ자격 : 자동차운전면허 1종 보통 이상 및 자동차정비(검사)산업기사 이상 자격을 모두 소지한 자
ㅇ기타제한 : 없음

ㅁ 청년인턴(검사)_성산검사소: 자동차검사 보조 
ㅇ연령 : 15세 이상 34세 이하
ㅇ학력 : 제한없음
ㅇ자격 : 자동차운전면허 1종 보통 이상 및 자동차정비(검사)산업기사 이상 자격을 모두 소지한 자
ㅇ기타제한 : 공고일 기준 취업중인자 지원불가

* 청년인턴의 경우, 제대군인 지원에 관한 법률 제16조에 따라 제대군인에 대한 채용시험 응시연령 상한 연장(세부적용 기준은 공고문 참고)","국가유공자 등 예우 및 지원에 관한 법률 제29조에 의한 취업지원대상자, 장애인고용촉진 및 직업재활법 상 장애인, 북한이탈주민의 보호 및 정착지원에 관한 법률에 의한 북한이탈주민, 다문화가족지원법에 의한 다문화가족 구성원, 아동복지법에 의한 자립지원 대상자, 국민기초생활 보장법에 따른 수급자 또는 한부모가족지원법에 따른 지원대상자, 이전지역인재 - 보다 자세한 사항은 첨부파일의 채용공고문을 참조",2026-09-11,Y,학력무관,Y,,"비정규직,청년인턴(체험형)"
alio-304551,잡알리오,한국전력공사,2026년도 하반기 4직급 대졸수준 신입사원 채용공고,"서울,부산,대구,인천,대전,울산,세종,경기,강원,충북,충남,전북,전남광주,경북,경남,제주",정규직,"경영.회계.사무,건설,전기.전자,정보통신",,신입,0,학력무관,"○ 취업지원대상자(국가유공자 등) : 1차전형 면제, 이후 단계별 5% 또는 10% 가점
○ 장애인(장애인 제한경쟁 제외) : 1차전형 면제, 이후 단계별 10% 가점
○ 고급자격증 보유자 : 1차전형 면제, 2차전형 10% 가점
○ 한전 전기공학 장학생 : 1차전형 면제 (배전,송변전 분야에 한함)
○ 비수도권 및 본사 이전지역인재
- 비수도권 ",2026-09-02,2026-09-16,http://recruit.kepco.co.kr,"1. 학력·전공
○ 사무 : 제한 없음
○ 기술 : 해당분야 전공자 또는 관련분야 자격증 보유자
2. 외국어
○ 영어, 일어, 중국어 700점 이상 (TOEIC 기준)
○ 유효성적 : '24. 11. 28.부터 응시하고 접수 마감일까지 발표한 국내 정기시험 성적만 인정
(단, TOEIC, TOEIC-S, OPIc, TEPS, TEPS-S, JPT, HSK는 국가공무원 채용시스템에 등록된 어학성적에 한하여 유효기간을 시험의 실시연도 +5년까지 인정)
○ 고급자격증 보유자는 외국어 성적 면제
○ 해외학위자도 국내 외국어 유효성적을 보유해야 지원 가능
3. 연령 : 제한없음(단, 공사 정년(60세)에 도달한 자는 지원불가)
4. 병역 : 병역법 제76조에서 정한 병역의무 불이행 사실이 없는 자
5. 기타
○ 당사 인사관리규정 제11조 신규채용자의 결격사유가 없는 자
○ 지원서 접수마감일 현재 한전 4직급 직원으로 재직 중이지 않은 자(단, 상위 채용수준으로는 지원가능)
○ 입사일부터 근무 가능한 자
○ 전국권(이전지역인재) 지원시 전남광주 소재 학교(대학까지의 최종학력 기준, 대학원 이상 제외) 졸업(예정)·중퇴·재학·휴학중인 자만 지원 가능
○ 보훈 분야는 「국가유공자법」에서 정한 취업지원대상자만 지원 가능
○ 장애인 분야(사무)는 「장애인고용법」에서 정한 장애인만 지원 가능

※ 자세한 사항은 첨부파일의 공고문 참조","취업지원대상자, 장애인, 고급자격증 보유자, 한전전기공학 장학생(배전, 송변전 분야에 한함), 비수도권 및 본사 이전지역인재, 한전 장애인 인턴(장애인 제한경쟁에 한함), 양성평등, 한전 체험형인턴, 기초생활수급자, 한전 기간제 근로자, 한전 시간선택제 근로자, KEPCO 프렌즈 우수활동자(舊대학생 서포터즈), 전력데이터 활용 신서비스 개발 경진대회 입상자, 한전 발명기술혁신대전 입상자, 한전 청년청렴 Auditor 우수활동자, 북한이탈주민, 다문화가족, 자립준비청년 등 ※ 자세한 사항은 첨부파일의 공고문 참조",2026-09-11,Y,학력무관,Y,데이터,정규직
alio-304539,잡알리오,대한적십자사,2026년도 제9차 혈액관리본부 소속기관 의무직 신규채용 공고(중앙혈액검사센터) ,서울,비정규직,보건.의료,,신입,0,대졸(4년),"○ 북한이탈주민 : 전형단계별 우대
○ 취업지원대상자 : 전형단계별 우대
○ 장애인 : 전형단계별 우대
단, 필수지원자격이 미비 시 우선합격에서 제외",2026-09-02,2026-09-17,https://www.redcross.or.kr/redrecruit/,"1. 모집부문 : 의사(진단검사의학과 전문의)
2. 모집형태 : 비정규직(계약직)
3. 채용인원 : 1명
4. 응시 자격 : 진단검사의학과 전문의 자격증 소지자","취업지원대상자, 장애인, 북한이탈주민",2026-09-11,Y,대졸(4년),Y,,비정규직
alio-304901,잡알리오,국립중앙의료원,"계약직 연구원/행정(응급취약지·지역협력팀, 강원응급의료지원센터, 전북응급의료지원센터, 충북응급의료지원센터) 채용 공고","서울,강원,충북,전북",비정규직,보건.의료,,신입+경력,0,대졸(4년),"장애인, 보훈대상자는 관계 법령에 따라 우대합니다.",2026-09-11,2026-09-28,https://nmc.recruiter.co.kr/app/jobnotice/view?systemKindCode=MRS2&jobnoticeSn=266365,"1. 계약직 연구원(응급취약지·지역협력팀)
[필수]
간호학, 의(료)공학, 보건학, 통계학, 행정학 학사학위 취득자(졸업예정자 미포함)
[학위 인정 범위]
- 졸업증명서 또는 학위수여증명서 상에 해당 학위가 ‘간호학’ 또는 ‘의(료)공학’ 또는 ‘보건학’또는 ‘통계학’ 또는 ‘행정학’인 경우
- 졸업증명서 또는 학위수여증명서 상 전공(학과)명에 ‘간호’ 또는 ‘의(료)공’ 또는 ‘보건’ 또는 ‘통계’ 또는 ‘행정’이 포함된 경우

2. 계약직 연구원(강원응급의료지원센터)
[필수]
· 보건학, 행정학, 통계학, 사회(복지)학 학사 학위 이상 소지자(졸업예정자 미포함)
· 강원특별자치도 원주시 근무가능자
[학위 인정 범위]
- 졸업증명서 또는 학위수여증명서 상에 해당 학위가 ‘보건학’ 또는 ‘행정학’ 또는 ‘통계학’또는 ‘사회(복지)학’인 경우
- 졸업증명서 또는 학위수여증명서 상 전공(학과)명에 ‘보건’ 또는 ‘행정’ 또는 ‘통계’ 또는 ‘사회(복지)’가 포함된 경우

3. 계약직 연구원(전북응급의료지원센터)
[필수]
· 보건학, 의료정보학, 통계학, 경영학 학사 학위 이상 소지자(졸업예정자 미포함)
· 전북특별자치도 근무 가능자
[학위 인정 범위]
- 졸업증명서 또는 학위수여증명서 상에 해당 학위가 ‘보건학’ 또는 ‘의료정보학’ 또는 ‘통계학’또는 ‘경영학’ 인 경우
- 졸업증명서 또는 학위수여증명서 상 전공(학과)명에 ‘보건’ 또는 ‘의료정보’ 또는 ‘통계’ 또는 ‘경영’이 포함된 경우

4. 계약직 연구원(충북응급의료지원센터)
[필수] 
아래의 두 조건 중 한 가지 이상을 충족하는 자이면서 충북 청주시 근무 가능자
· 간호사, 1급 응급구조사, 보건의료정보관리사, 임상병리사, 방사선사 면허·자격 중 1개 이상 소지자
· 의(료)공학, 통계학 전문학사 학위 이상 소지자
[학위 인정 범위]
- 졸업증명서 또는 학위수여증명서 상에 해당 학위가 ‘의(료)공학’ 또는 ‘통계학’인 경우
- 졸업증명서 또는 학위수여증명서 상 전공(학과) 명에 ‘의(료)공’ 또는 ‘통계’ 가 포함된 경우

5. 계약직 행정(전북응급의료지원센터)
[필수]
· 보건학, 행정학, 법학, 회계학 학사 학위 이상 소지자(졸업예정자 미포함)
· 전북특별자치도 근무 가능자
[학위 인정 범위]
- 졸업증명서 또는 학위수여증명서 상에 해당 학위가 ‘보건학’ 또는 ‘행정학’ 또는 ‘법학’또는 ‘회계학’ 인 경우
- 졸업증명서 또는 학위수여증명서 상 전공(학과)명에 ‘보건’ 또는 ‘행정’ 또는 ‘법’ 또는 ‘회계’가 포함된 경우
",우대조건은 공고문을 확인하여 주시기 바랍니다.,2026-09-12,Y,대졸(4년),Y,통계,비정규직
alio-304900,잡알리오,국립중앙의료원,"계약직 간호사/응급구조사(경기응급의료지원센터-휴직대체, 세종응급의료지원센터, 부울경남광역응급의료상황팀, 서울인천광역응급의료상황팀) 채용 공고","서울,부산,세종,경기",비정규직,보건.의료,,신입+경력,0,학력무관,"장애인, 보훈대상자는 관계 법령에 따라 우대합니다.",2026-09-11,2026-09-28,https://nmc.recruiter.co.kr/app/jobnotice/view?systemKindCode=MRS2&jobnoticeSn=266364,"1. 계약직(휴직대체) 간호사/응급구조사(경기응급의료지원센터)
[필수]
· 간호사 면허 또는 1급 응급구조사 자격 소지자
· 경기지역 근무 가능자(최초 근무지: 국민건강보험공단일산병원)

2. 계약직 간호사/응급구조사(세종응급의료지원센터)
[필수]
· 간호사 또는 1급 응급구조사 자격(면허) 소지자
· 세종지역 근무 가능 자 

3. 계약직 간호사/응급구조사(부울경남광역응급의료상황팀)
[필수] 아래의 필수 응시자격을 모두 충족하는 자
· 간호사 면허 또는 1급 응급구조사 자격 소지자
· 3교대 근무 가능자
· 부산지역 근무가능자

4. 계약직 간호사/응급구조사(서울인천광역응급의료상황팀)
[필수] 아래의 필수 응시자격을 모두 충족하는 자
· 간호사 면허 또는 1급 응급구조사 자격 소지자
· 3교대 근무 가능자
· 서울지역 근무가능자

",우대조건은 공고문을 확인하여 주시기 바랍니다.,2026-09-12,Y,학력무관,Y,,비정규직
alio-304898,잡알리오,(재)한국우편사업진흥원,"한국우편사업진흥원 2026년 기간제계약직(청년인턴, 사회형평(장애, 보훈)) 채용",서울,"비정규직,청년인턴(체험형)","사업관리,경영.회계.사무,문화.예술.디자인.방송,영업판매,인쇄.목재.가구.공예",,신입,0,학력무관,"o 장애인, 국가유공자, 저소득층 등 관련 법률에 따른 대상자 우대
o 분야별 관련 교육ㆍ경력ㆍ자격사항 우대
※ 자세한 사항은 공고문, 직무기술서 참고",2026-09-11,2026-09-25,https://posa.incruit.com/,"[전 채용분야 공통사항]
o 학력, 전공, 학점, 성별, 어학성적 등 제한 없음
※ 직무에 따라 별도 자격 요구 가능, 직무별 지원자격 별도 확인 필수
o 진흥원 인사규정 제15조(결격사유)에 해당하지 않는 자
※ 붙임. 한국우편사업진흥원 인사규정 제15조(결격사유) 참고
o 임용일(2026. 11. 30.)부터 근무 가능한 자
o 임용일(2026. 11. 30.) 기준 「근로기준법」 제64조(최저 연령과 취직인허증)에 해당하지 않는 자
o 「병역법」 제76조에서 정한 병역의무 불이행 사실이 없는 자

[체험형 청년인턴 분야]
o (공통자격) 청년: 임용일 기준 「청년고용촉진 특별법 시행령」에 따른 청년(만 15세 이상 34세 이하)에 해당하는 자
※ 「제대군인지원에 관한 법률 시행령」 제19조(응시연령 상한 연장)에 따라 제대군인의 경우 복무기간에 따라 응시연령 상한을 연장 적용할 수 있음
① 2년 이상의 복무기간을 마치고 전역한 제대군인: 3세 
② 1년 이상 2년 미만의 복무기간을 마치고 전역한 제대군인: 2세 
③ 1년 미만의 복무기간을 마치고 전역한 제대군인: 1세
o (별도자격) 일반 행정 지원[사회형평(자립준비청년) 제한경쟁], 문화우편상품 디자인[자격 제한경쟁]
- 일반 행정 지원(자립준비청년): 「아동복지법」에 따른 자립준비청년에 해당하며, 관련 증빙서류 제출이 가능한 자
※ 자립수당수급자확인서, 보호종료확인서, 보호시설 퇴소확인서 중 1부
- 문화우편상품 디자인: Adobe Photoshop, Illustrator 프로그램 활용 가능한 자

[기간제 계약직(사회형평: 장애, 보훈) 분야]
o 장애: 「장애인고용촉진 및 직업재활법」 및 「장애인복지법」에 따른 등록장애인 또는 「장애인고용촉진 및 직업재활법 시행령」에 따른 상이등급 기준에 해당하는 자로서 관련 증명서 발급이 가능한 자
o 보훈: 「국가유공자 등 예우 및 지원에 관한 법률」 등 관련 법령에 따른 취업지원 대상자로서 관련 증명서 발급이 가능한 자","장애인, 국가유공자, 저소득층 등 관련 법률에 따른 대상자 우대",2026-09-12,Y,학력무관,Y,,"비정규직,청년인턴(체험형)"
alio-304896,잡알리오,(재)한국우편사업진흥원,"한국우편사업진흥원 2026년 신입직원(일반직, 전문직(사무), 전문직(특수)) 채용","서울,대전","정규직,무기계약직","사업관리,경영.회계.사무,문화.예술.디자인.방송,영업판매,정보통신,인쇄.목재.가구.공예,환경.에너지.안전",,신입,0,학력무관,"o 장애인, 국가유공자, 저소득층 등 관련 법률에 따른 대상자 우대
o 한국우편사업진흥원 청년인턴 수료자 우대
o 분야별 관련 교육ㆍ경력ㆍ자격사항 우대
※ 자세한 사항은 공고문, 직무기술서 참고",2026-09-11,2026-09-25,https://posa.incruit.com/,"[전 채용분야 공통사항]
o 학력, 전공, 학점, 성별, 어학성적 등 제한 없음
※ 직무에 따라 별도 자격 요구 가능, 직무별 지원자격 별도 확인 필수
o 진흥원 인사규정 제15조(결격사유)에 해당하지 않는 자
※ 붙임. 한국우편사업진흥원 인사규정 제15조(결격사유) 참고
o 임용일(2026. 11. 30.)부터 근무 가능한 자
o 임용일(2026. 11. 30.) 기준 진흥원 인사규정상 정년에 이르지 않고, 「근로기준법」 제64조(최저 연령과 취직인허증)에 해당하지 않는 자
o 「병역법」 제76조에서 정한 병역의무 불이행 사실이 없는 자","장애인, 국가유공자, 저소득층 등 관련 법률에 따른 대상자, 한국우편사업진흥원 청년인턴 수료자 우대",2026-09-12,Y,학력무관,Y,,"정규직,무기계약직"
alio-304892,잡알리오,국립중앙의료원,"의사직 및 계약직 전문의 채용 재공고(내분비대사내과, 중환자전담전문의, 소아청소년과(신생아분과))",서울,"정규직,비정규직",보건.의료,,신입+경력,0,대졸(4년),"장애인, 보훈대상자는 관계 법령에 따라 우대합니다.",2026-09-11,2026-09-21,https://nmc.recruiter.co.kr/app/jobnotice/view?systemKindCode=MRS2&jobnoticeSn=266348,"1. 내분비대사내과 전문의(의사직 1~3급) 1명

[필수]
· 의사면허 및 내과 전문의 자격 소지자
· 내분비대사내과 분과 전문의 자격 소지자

2. 내과계 중환자실 전담 전문의(의사직 1~3급) 2명

[필수]
- 의사 면허 소지자로서 아래 조건 중 하나 이상을 충족하는 자
- 내과 전문의 자격 소지자
- 신경과 전문의 자격 소지자
- 응급의학과 전문의 자격 소지자

[우대]
- 중환자의학 세부전문의 자격 소지자

3. 소아청소년과-신생아분과 계약직 전문의 1명

채용분야 : 소아청소년과 (신생아실 담당)

[필수] 
 · 의사 면허 및 소아청소년과 전문의 자격 소지자
 · 신생아 분과전문의 자격 소지자 혹은 종합병원 또는 상급종합병원 신생아 집중치료실 1년 이상 근무경력을 보유한 자",우대조건은 공고문을 확인하여 주시기 바랍니다.,2026-09-12,Y,대졸(4년),Y,,"정규직,비정규직"
alio-304890,잡알리오,예술의전당,2026년도 4차 예술의전당 직원 블라인드 채용,서울,"무기계약직,비정규직","문화.예술.디자인.방송,경비.청소,환경.에너지.안전",,신입+경력,0,학력무관,"□ 보훈대상자 우대
□ 장애인 우대
□ 예술의전당 계약직, 용역직 근무경력 1년 이상인 자 우대
□ 예술의전당 청년인턴, 하우스어텐던트 수료자 우대
□ 직무관련 전문 자격증 및 어학성적 보유자 우대

* 세부사항은 채용사이트 및 공고문 참조",2026-09-11,2026-09-25,https://sac.hrdms.kr/#/,"응시자격(공통)
□ 학력·성별·지역 제한 없음
□ 공고일 기준, 만 18세 이상이며 정년에 도달하지 않은 자
  - 정년기준: 만 60세 (보안경비·환경미화는 만 65세)
□ 최종합격자 발표 이후 즉시 근무 가능한 자(‘26.11.3. 예정)
□ 병역의무대상자는 군필 또는 면제자
□ 당사 인사관리규정의 결격사유에 해당사항이 없는 자","보훈대상자, 장애인, 예술의전당 근무경력자, 전문 자격증 및 어학성적 보유자",2026-09-12,Y,학력무관,Y,,"무기계약직,비정규직"
alio-304888,잡알리오,(재)우체국물류지원단,우체국물류지원단 서울지사 동서울물류사업소 추석 단기 기간제(일용직) 채용 공고,서울,비정규직,운전.운송,,신입+경력,0,학력무관,없음,2026-09-12,2026-09-18,https://www.pola.or.kr,"□ 우체국물류지원단 인사규정에 따른 결격사유가 없는 자
□ 채용 즉시 근무가 가능한 자
□ 연령제한 없음 ",없음,2026-09-12,Y,학력무관,Y,,비정규직
alio-304886,잡알리오,국민연금공단,2026년 하반기 공무직 공개채용 공고,"서울,부산,인천,대전,세종,경기,강원,충북,전북,전남광주,경남",무기계약직,"경영.회계.사무,보건.의료,정보통신",,신입,0,학력무관,"○ 「국가유공자 등 예우 및 지원에 관한 법률」 등 관련 법률에 따른 취업지원대상자(전 전형 우대)
  - 동일분야·지역별 채용인원이 4명 이상인 경우 가점 부여하고, 4명 미만은 동점자 발생 시 우대하되 응시자 수가 채용예정인원과 같거나 그보다 적은 경우 가점 적용
○ 「장애인고용촉진 및 직업재활법 시행령」 제3조 및 제4조에 따른 장애인(전 전형 우",2026-09-11,2026-09-28,https://nps.saramin.co.kr,"[공통 자격]
○ 연령·성별·학력 등 제한 없음
   * 단, 임용일 기준 공단 정년(60세) 이상자는 제외
○ 대한민국 국적을 보유한 사람
○ 공단 「인사규정」 제11조(결격사유)에 해당하지 않는 사람
○ 임용(예정)일부터 근무가 가능한 사람

[직렬별 자격]
○ 사업장상담직 : 공통자격 이외의 별도 요건 없음
○ 지역상담직 : 공통자격 이외의 별도 요건 없음
○ 근로능력평가직(활동능력평가) : 공통자격 이외의 별도 요건 없음
○ 근로능력평가직(의학적평가) : 간호사, 물리치료사, 임상병리사, 작업치료사 중 1개 이상 면허를 소지한 사람
○ 장애등록상담직 : 공통자격 이외의 별도 요건 없음
○ 고객센터상담직(가): 한글타자능력 분당 200타 이상, 정확도 90% 이상",아래 [우대내용] 참고,2026-09-12,Y,학력무관,Y,,무기계약직
